"id_sample","id_es_int","g_pre","g_post","g_delayed","v_pre","v_post","v_delayed","g_p2post_05","g_p2post_06","g_p2post_07","v_p2post_05","v_p2post_06","v_p2post_07","g_p2delayed_05","g_p2delayed_06","g_p2delayed_07","v_p2delayed_05","v_p2delayed_06","v_p2delayed_07"
"101",2,0.0701764529712686,0.50924857759705,NA,0.0823645895599458,0.0850710723177435,NA,0.204583947750042,0.204583947750042,0.204583947750042,0.0806398813701448,0.0647427486526511,0.0488456159351575,NA,NA,NA,NA,NA,NA
"102",4,0.213082874136024,-0.0190116154516855,NA,0.0555331246904138,0.0559321708521647,NA,-0.0287030312670698,-0.0287030312670698,-0.0287030312670698,0.0546801051226572,0.0437463726092478,0.0328126400958383,NA,NA,NA,NA,NA,NA
"102",5,-0.217070239177572,0.135826860327775,NA,0.0562661569036971,0.0560613672411963,NA,0.0284746353118946,0.0284746353118946,0.0284746353118946,0.0546776905517309,0.0437439580383214,0.032810225524912,NA,NA,NA,NA,NA,NA
"102",6,-0.0568381493930781,0.293150086089311,NA,0.0522695457464848,0.0535486050972217,NA,0.0505278928987717,0.0505278928987717,0.0505278928987717,0.0519639135195118,0.0415955739445768,0.0312272343696418,NA,NA,NA,NA,NA,NA
"102",7,-0.194226186563491,0.150172984225639,NA,0.053222840492984,0.053120327747337,NA,0.0288577902258711,0.0288577902258711,0.0288577902258711,0.0518496543248564,0.0414813147499214,0.0311129751749863,NA,NA,NA,NA,NA,NA
"103",10,0.736547985822722,0.187320399596083,NA,0.103813246325602,0.0994515213924449,NA,-0.0487634501339627,-0.0487634501339627,-0.0487634501339627,0.094782316980002,0.0758336032767485,0.056884889573495,NA,NA,NA,NA,NA,NA
"103",11,0.43663381757793,0.437477476954264,NA,0.0966469501472002,0.0986947278121242,NA,0.00934067923272731,0.00934067923272731,0.00934067923272731,0.0924441130694924,0.0739778330209221,0.0555115529723519,NA,NA,NA,NA,NA,NA
"104",13,-0.107080546812605,1.39255643181965,1.12028342395001,0.0962049680803504,0.120301807734058,0.111749576911244,1.43604625742514,1.43604625742514,1.43604625742514,0.185916061501763,0.16748750378874,0.149058946075717,1.40549208173525,1.40549208173525,1.40549208173525,0.143349722390052,0.124921164677029,0.106492606964006
"104",14,0.318190830729382,0.133750662912432,0.253829234561796,0.0973272075960325,0.0962852555343983,0.0968670060405072,-0.0449648844352751,-0.0449648844352751,-0.0449648844352751,0.102480460740552,0.0840519030275288,0.0656233453145055,0.068346624341618,0.068346624341618,0.068346624341618,0.104791748306379,0.0863631905933553,0.067934632880332
"104",15,-0.209230636811968,0.922351534968882,0.670971342103768,0.0990418513820479,0.109387426954852,0.104252429363378,0.721088062181818,0.721088062181818,0.721088062181818,0.126378097346224,0.107510274498225,0.0886424516502262,0.684035183984727,0.684035183984727,0.684035183984727,0.107352736542411,0.0884849136944122,0.0696170908464132
"104",16,0.039109244190102,-0.156014837463561,0.047149690972254,0.0985002113000014,0.0987926612554842,0.098509103099715,-0.133099633408335,-0.133099633408335,-0.133099633408335,0.104157722928097,0.0852899000800984,0.0664220772320994,0.0252254518222355,0.0252254518222355,0.0252254518222355,0.107386409378897,0.0885185865308981,0.0696507636828991
"105",19,0.0710604640796698,1.26411711289364,NA,0.168357906306928,0.204561144615004,NA,0.478367436644165,0.478367436644165,0.478367436644165,0.171306437322149,0.14034427524283,0.109382113163512,NA,NA,NA,NA,NA,NA
"105",20,0.0784770719504844,1.00777680782172,NA,0.168383112244808,0.191325281416658,NA,0.4298981202244,0.4298981202244,0.4298981202244,0.170347566598476,0.139385404519158,0.108423242439839,NA,NA,NA,NA,NA,NA
"107",25,-0.552663806939099,0.540636797440566,NA,0.106037089045519,0.105864074088234,NA,0.31247880264833,0.31247880264833,0.31247880264833,0.103178028860239,0.0836972061455142,0.0642163834307891,NA,NA,NA,NA,NA,NA
"107",26,-0.552663806939099,1.06292128225765,NA,0.106037089045519,0.116883988634674,NA,0.42730843351513,0.42730843351513,0.42730843351513,0.104068923070189,0.0845881003554641,0.0651072776407389,NA,NA,NA,NA,NA,NA
"107",27,-0.24457805162951,0.264530417782437,NA,0.106219750833459,0.106357020003638,NA,0.132970311453048,0.132970311453048,0.132970311453048,0.102221964540889,0.0821515359781261,0.062081107415363,NA,NA,NA,NA,NA,NA
"107",28,-0.24457805162951,0.543011896661774,NA,0.106219750833459,0.10939601430072,NA,0.198641637892579,0.198641637892579,0.198641637892579,0.102144017350837,0.0820735887880734,0.0620031602253104,NA,NA,NA,NA,NA,NA
"107",29,-0.225044695399408,-0.0158223454194126,NA,0.0969354599631885,0.0963055253592779,NA,0.0505775144111146,0.0505775144111146,0.0505775144111146,0.0934339084027572,0.074967628354187,0.0565013483056168,NA,NA,NA,NA,NA,NA
"107",30,-0.225044695399408,0.142522388293681,NA,0.0969354599631885,0.0965563039161575,NA,0.0995178219162636,0.0995178219162636,0.0995178219162636,0.0929547623225039,0.0744884822739337,0.0560222022253634,NA,NA,NA,NA,NA,NA
"108",33,NA,0.0351062795111027,NA,NA,0.00472755512260163,NA,NA,NA,NA,NA,NA,NA,NA,NA,NA,NA,NA,NA
"109_1",35,-0.0584034972178639,0.115097790499874,NA,0.00353650173370525,0.00354083500810643,NA,0.0242632132175214,0.0242632132175214,0.0242632132175214,0.00355319193422285,0.00284714563642134,0.00214109933861983,NA,NA,NA,NA,NA,NA
"109_2",37,0.00366109446205991,0.0972509095509802,NA,0.00355076935579867,0.0035549556748571,NA,0.0204225489367277,0.0204225489367277,0.0204225489367277,0.00358092717514451,0.00287173164012169,0.00216253610509887,NA,NA,NA,NA,NA,NA
"110",39,0.688124248590028,1.62898096645012,NA,0.0811912023796189,0.1027049919279,NA,0.206127900174807,0.206127900174807,0.206127900174807,0.074833750427443,0.0600140520042238,0.0451943535810046,NA,NA,NA,NA,NA,NA
"110",40,0.145195128691488,0.643244198202034,NA,0.0767263995233506,0.0806015456397141,NA,0.0250187260959596,0.0250187260959596,0.0250187260959596,0.0741468553002141,0.0593271568769949,0.0445074584537758,NA,NA,NA,NA,NA,NA
"110",41,-0.137100266666927,0.680735049551414,NA,0.0767038487772098,0.0810913855328114,NA,0.105883234684801,0.105883234684801,0.105883234684801,0.074297788183993,0.0594780897607738,0.0446583913375547,NA,NA,NA,NA,NA,NA
"110",42,-0.762462265559924,-0.490635207591003,NA,0.0822553509806568,0.0788939121700492,NA,0.00445936659694188,0.00445936659694188,0.00445936659694188,0.0741366810204025,0.0593169825971833,0.0444972841739641,NA,NA,NA,NA,NA,NA
"111",45,NA,1.62813515360166,NA,NA,0.0793239005967972,NA,NA,NA,NA,NA,NA,NA,NA,NA,NA,NA,NA,NA
"112",47,-0.0660514678275619,-0.0321638771376376,NA,0.0122156416103736,0.0122105524950683,NA,0.00568766549192849,0.00568766549192849,0.00568766549192849,0.0122235764353163,0.0097932192702349,0.00736286210515348,NA,NA,NA,NA,NA,NA
"113",49,NA,1.40804367317922,NA,NA,0.0199443235416239,NA,NA,NA,NA,NA,NA,NA,NA,NA,NA,NA,NA,NA
"113",50,NA,2.54819187322187,NA,NA,0.0285393975453852,NA,NA,NA,NA,NA,NA,NA,NA,NA,NA,NA,NA,NA
"113",51,NA,0.0578264443247159,NA,NA,0.0144563162583395,NA,NA,NA,NA,NA,NA,NA,NA,NA,NA,NA,NA,NA
"113",52,NA,1.03851811457987,NA,NA,0.0160953040276189,NA,NA,NA,NA,NA,NA,NA,NA,NA,NA,NA,NA,NA
"114",55,NA,1.36750291101885,NA,NA,0.0832422938737114,NA,NA,NA,NA,NA,NA,NA,NA,NA,NA,NA,NA,NA
"115",57,-0.201606992749877,NA,NA,0.0185223514148833,NA,NA,NA,NA,NA,NA,NA,NA,NA,NA,NA,NA,NA,NA
"115",58,NA,-0.160456830373319,NA,NA,0.022229691476741,NA,NA,NA,NA,NA,NA,NA,NA,NA,NA,NA,NA,NA
"115",59,NA,-0.116239204226029,NA,NA,0.0221955159409468,NA,NA,NA,NA,NA,NA,NA,NA,NA,NA,NA,NA,NA
"115",60,NA,0.11595035011631,NA,NA,0.0221953285976311,NA,NA,NA,NA,NA,NA,NA,NA,NA,NA,NA,NA,NA
"117",80,1.01461775792117,1.00783071412509,NA,0.0128295856210863,0.0128105739225335,NA,-0.187483691857135,-0.187483691857135,-0.187483691857135,0.0140623607613534,0.0117924646812435,0.00952256860113357,NA,NA,NA,NA,NA,NA
"117",81,0.979823784293885,1.63990823066075,NA,0.0127334712908633,0.0151285465771803,NA,3.36256596678143,3.36256596678143,3.36256596678143,0.392378187031735,0.390108290951625,0.387838394871515,NA,NA,NA,NA,NA,NA
"118",84,0.103096961970952,1.28041389723879,NA,0.0183093200880912,0.021359564965759,NA,10.6667263144571,10.6667263144571,10.6667263144571,0.58592233481686,0.582304470448401,0.578686606079942,NA,NA,NA,NA,NA,NA
"118",85,NA,0.756142581651938,NA,NA,0.0193601115117235,NA,NA,NA,NA,NA,NA,NA,NA,NA,NA,NA,NA,NA
"118",86,0,0.585013560525714,NA,0.0169717037788664,0.017485578953039,NA,6.30333298078631,6.30333298078631,6.30333298078631,0.575649294690137,0.572296635870052,0.568943977049968,NA,NA,NA,NA,NA,NA
"118",87,NA,-0.978408864956616,NA,NA,0.0184090670026287,NA,NA,NA,NA,NA,NA,NA,NA,NA,NA,NA,NA,NA
"119",90,0.406328628634273,0.220155161058795,17.2727848082454,0.0377794597436885,0.0436130887226014,1.57850737400905,-1.37605617377255,-1.37605617377255,-1.37605617377255,0.143032095064522,0.134512772123559,0.125993449182595,-0.461858158386101,-0.461858158386101,-0.461858158386101,0.352538506810539,0.344543922501744,0.336549338192949
"119",91,0.272990228399597,0.300193847851087,10.4992278789429,0.0381736352514997,0.0468319568142123,0.649322949349644,-0.0124050504679336,-0.0124050504679336,-0.0124050504679336,0.228067175254546,0.218982956549548,0.209898737844549,-0.014845879474648,-0.014845879474648,-0.014845879474648,0.430706315281169,0.422133031744801,0.413559748208434
"120",93,-0.115800762051795,0.0439990210112564,NA,0.009180643980809,0.00736664172006689,NA,0.0101281865740374,0.0101281865740374,0.0101281865740374,0.00733848513609871,0.00587090774264906,0.00440333034919941,NA,NA,NA,NA,NA,NA
"120",94,-0.0173051820085456,0.0202192843604289,NA,0.00705345896380133,0.00697708827662327,NA,0.000325781095839598,0.000325781095839598,0.000325781095839598,0.00695209643312027,0.00556167724242048,0.0041712580517207,NA,NA,NA,NA,NA,NA
"121",97,NA,0.445613384465705,0.223957955956017,NA,0.0226302437934207,0.0210190404049837,NA,NA,NA,NA,NA,NA,NA,NA,NA,NA,NA,NA
"121",98,NA,0.136634264330892,0.243282736683937,NA,0.0216013495200991,0.0205100425806599,NA,NA,NA,NA,NA,NA,NA,NA,NA,NA,NA,NA
"123",102,0.0555294261354023,0.247949419278168,NA,0.019569314036745,0.0197131450647091,NA,0.0272226781518235,0.0272226781518235,0.0272226781518235,0.0194651078623133,0.015582168856452,0.0116992298505906,NA,NA,NA,NA,NA,NA
"124",108,0.058824505323712,1.32236016867651,NA,0.0116529635731546,0.0142043906101072,NA,0.103977472806313,0.103977472806313,0.103977472806313,0.0116120884711886,0.00929283578192165,0.00697358309265467,NA,NA,NA,NA,NA,NA
"125_1",110,NA,0.472729238955241,NA,NA,0.0670972790626914,NA,NA,NA,NA,NA,NA,NA,NA,NA,NA,NA,NA,NA
"125_1",111,NA,0.25716912701237,NA,NA,0.0657861376170673,NA,NA,NA,NA,NA,NA,NA,NA,NA,NA,NA,NA,NA
"125_1",112,0.147924704964421,NA,NA,0.0654173522708215,NA,NA,NA,NA,NA,NA,NA,NA,NA,NA,NA,NA,NA,NA
"125_2",116,NA,0.125653416815592,NA,NA,0.0657326552613021,NA,NA,NA,NA,NA,NA,NA,NA,NA,NA,NA,NA,NA
"125_2",117,NA,0.704477937198284,NA,NA,0.0697368251183164,NA,NA,NA,NA,NA,NA,NA,NA,NA,NA,NA,NA,NA
"125_2",118,0.453165435990924,NA,NA,0.0673124063547972,NA,NA,NA,NA,NA,NA,NA,NA,NA,NA,NA,NA,NA,NA
"125_3",122,NA,0.363920772918863,NA,NA,0.0837211171600546,NA,NA,NA,NA,NA,NA,NA,NA,NA,NA,NA,NA,NA
"125_3",123,NA,0.704399673583721,NA,NA,0.0875906977045545,NA,NA,NA,NA,NA,NA,NA,NA,NA,NA,NA,NA,NA
"125_3",124,0.469803154005023,NA,NA,0.08466023071911,NA,NA,NA,NA,NA,NA,NA,NA,NA,NA,NA,NA,NA,NA
"125_4",128,NA,0.208848568032238,NA,NA,0.0724435348171031,NA,NA,NA,NA,NA,NA,NA,NA,NA,NA,NA,NA,NA
"125_4",129,NA,-0.120434765950325,NA,NA,0.0721739682289586,NA,NA,NA,NA,NA,NA,NA,NA,NA,NA,NA,NA,NA
"125_4",130,0.476869876318606,NA,NA,0.0741452677297976,NA,NA,NA,NA,NA,NA,NA,NA,NA,NA,NA,NA,NA,NA
"126_1",134,0.586128497664749,1.35659147011464,NA,0.0708562600523523,0.0827355759334084,NA,0.191716228652327,0.191716228652327,0.191716228652327,0.0672206623635758,0.0540808152548998,0.0409409681462239,NA,NA,NA,NA,NA,NA
"126_1",135,0.0587251383370199,1.207322832015,NA,0.0681570697832886,0.0796981791390982,NA,4.30024180023712,4.30024180023712,4.30024180023712,0.224743386550619,0.211603539441943,0.198463692333268,NA,NA,NA,NA,NA,NA
"126_2",138,0.520595057712648,1.03614714914704,NA,0.0446025926482677,0.04891754802768,NA,0.0576833213329552,0.0576833213329552,0.0576833213329552,0.0424637535955421,0.0339907230266811,0.0255176924578201,NA,NA,NA,NA,NA,NA
"126_2",139,-0.212866882101406,-0.136413345261023,NA,0.0433891146664437,0.0432455463399368,NA,0.116303322621045,0.116303322621045,0.116303322621045,0.0474441313542312,0.0389711007853702,0.0304980702165092,NA,NA,NA,NA,NA,NA
"127_6",146,-0.199578773729493,-0.260417890885304,NA,0.0175609651444109,0.0176147839731989,NA,-0.00125399059523824,-0.00125399059523824,-0.00125399059523824,0.0173230902180481,0.013858495048664,0.01039389987928,NA,NA,NA,NA,NA,NA
"127_6",146,-0.199578773729493,-0.260417890885304,NA,0.0175609651444109,0.0176147839731989,NA,0.00590089296375812,0.00590089296375812,0.00590089296375812,0.0262173617503103,0.0209739151763331,0.015730468602356,NA,NA,NA,NA,NA,NA
"127_6",146,-0.199578773729493,-0.260417890885304,NA,0.0175609651444109,0.0176147839731989,NA,-0.0129906505547247,-0.0129906505547247,-0.0129906505547247,0.023959961829842,0.019168422693563,0.0143768835572841,NA,NA,NA,NA,NA,NA
"127_6",146,0.0219940591870197,0.244615693551309,NA,0.0267765923481776,0.026909671045245,NA,-0.00125399059523824,-0.00125399059523824,-0.00125399059523824,0.0173230902180481,0.013858495048664,0.01039389987928,NA,NA,NA,NA,NA,NA
"127_6",146,0.0219940591870197,0.244615693551309,NA,0.0267765923481776,0.026909671045245,NA,0.00590089296375812,0.00590089296375812,0.00590089296375812,0.0262173617503103,0.0209739151763331,0.015730468602356,NA,NA,NA,NA,NA,NA
"127_6",146,0.0219940591870197,0.244615693551309,NA,0.0267765923481776,0.026909671045245,NA,-0.0129906505547247,-0.0129906505547247,-0.0129906505547247,0.023959961829842,0.019168422693563,0.0143768835572841,NA,NA,NA,NA,NA,NA
"127_6",146,0.650404634155565,0.197947949791237,NA,0.0253112176547154,0.0244731329444436,NA,-0.00125399059523824,-0.00125399059523824,-0.00125399059523824,0.0173230902180481,0.013858495048664,0.01039389987928,NA,NA,NA,NA,NA,NA
"127_6",146,0.650404634155565,0.197947949791237,NA,0.0253112176547154,0.0244731329444436,NA,0.00590089296375812,0.00590089296375812,0.00590089296375812,0.0262173617503103,0.0209739151763331,0.015730468602356,NA,NA,NA,NA,NA,NA
"127_6",146,0.650404634155565,0.197947949791237,NA,0.0253112176547154,0.0244731329444436,NA,-0.0129906505547247,-0.0129906505547247,-0.0129906505547247,0.023959961829842,0.019168422693563,0.0143768835572841,NA,NA,NA,NA,NA,NA
"127_6",152,0.111372504910912,0.0452270459083367,NA,0.0319897988860247,0.031950857723737,NA,-0.00217867108759385,-0.00217867108759385,-0.00217867108759385,0.0314616106731826,0.0251693333993497,0.0188770561255168,NA,NA,NA,NA,NA,NA
"127_6",152,0.111372504910912,0.0452270459083367,NA,0.0319897988860247,0.031950857723737,NA,0.0075294264011659,0.0075294264011659,0.0075294264011659,0.0403559502976227,0.0322848216191967,0.0242136929407707,NA,NA,NA,NA,NA,NA
"127_6",152,0.111372504910912,0.0452270459083367,NA,0.0319897988860247,0.031950857723737,NA,-0.0151679860554505,-0.0151679860554505,-0.0151679860554505,0.0380990257918971,0.0304798045511693,0.0228605833104414,NA,NA,NA,NA,NA,NA
"127_6",152,0.377781787651901,0.60222591459948,NA,0.041763504446212,0.0429091136812835,NA,-0.00217867108759385,-0.00217867108759385,-0.00217867108759385,0.0314616106731826,0.0251693333993497,0.0188770561255168,NA,NA,NA,NA,NA,NA
"127_6",152,0.377781787651901,0.60222591459948,NA,0.041763504446212,0.0429091136812835,NA,0.0075294264011659,0.0075294264011659,0.0075294264011659,0.0403559502976227,0.0322848216191967,0.0242136929407707,NA,NA,NA,NA,NA,NA
"127_6",152,0.377781787651901,0.60222591459948,NA,0.041763504446212,0.0429091136812835,NA,-0.0151679860554505,-0.0151679860554505,-0.0151679860554505,0.0380990257918971,0.0304798045511693,0.0228605833104414,NA,NA,NA,NA,NA,NA
"127_6",152,0.989398151270773,0.503230563435718,NA,0.0434860169426641,0.0399288223261828,NA,-0.00217867108759385,-0.00217867108759385,-0.00217867108759385,0.0314616106731826,0.0251693333993497,0.0188770561255168,NA,NA,NA,NA,NA,NA
"127_6",152,0.989398151270773,0.503230563435718,NA,0.0434860169426641,0.0399288223261828,NA,0.0075294264011659,0.0075294264011659,0.0075294264011659,0.0403559502976227,0.0322848216191967,0.0242136929407707,NA,NA,NA,NA,NA,NA
"127_6",152,0.989398151270773,0.503230563435718,NA,0.0434860169426641,0.0399288223261828,NA,-0.0151679860554505,-0.0151679860554505,-0.0151679860554505,0.0380990257918971,0.0304798045511693,0.0228605833104414,NA,NA,NA,NA,NA,NA
"127_6",158,0.0634090130216369,-0.0855361378627911,NA,0.020924020492341,0.020932558647647,NA,-0.00521342133700859,-0.00521342133700859,-0.00521342133700859,0.0207369945243803,0.0165896292846265,0.0124422640448726,NA,NA,NA,NA,NA,NA
"127_6",158,0.0634090130216369,-0.0855361378627911,NA,0.020924020492341,0.020932558647647,NA,0.00477950980363988,0.00477950980363988,0.00477950980363988,0.0296313149073445,0.0237050982629976,0.0177788816186506,NA,NA,NA,NA,NA,NA
"127_6",158,0.0634090130216369,-0.0855361378627911,NA,0.020924020492341,0.020932558647647,NA,-0.0200802175342875,-0.0200802175342875,-0.0200802175342875,0.0273753846164613,0.0219010754098125,0.0164267662031638,NA,NA,NA,NA,NA,NA
"127_6",158,0.334212987273141,0.439475300718805,NA,0.0305124774323504,0.030773503775555,NA,-0.00521342133700859,-0.00521342133700859,-0.00521342133700859,0.0207369945243803,0.0165896292846265,0.0124422640448726,NA,NA,NA,NA,NA,NA
"127_6",158,0.334212987273141,0.439475300718805,NA,0.0305124774323504,0.030773503775555,NA,0.00477950980363988,0.00477950980363988,0.00477950980363988,0.0296313149073445,0.0237050982629976,0.0177788816186506,NA,NA,NA,NA,NA,NA
"127_6",158,0.334212987273141,0.439475300718805,NA,0.0305124774323504,0.030773503775555,NA,-0.0200802175342875,-0.0200802175342875,-0.0200802175342875,0.0273753846164613,0.0219010754098125,0.0164267662031638,NA,NA,NA,NA,NA,NA
"127_6",158,1.01832872625538,0.375616000928656,NA,0.0309800756031215,0.0282149335828645,NA,-0.00521342133700859,-0.00521342133700859,-0.00521342133700859,0.0207369945243803,0.0165896292846265,0.0124422640448726,NA,NA,NA,NA,NA,NA
"127_6",158,1.01832872625538,0.375616000928656,NA,0.0309800756031215,0.0282149335828645,NA,0.00477950980363988,0.00477950980363988,0.00477950980363988,0.0296313149073445,0.0237050982629976,0.0177788816186506,NA,NA,NA,NA,NA,NA
"127_6",158,1.01832872625538,0.375616000928656,NA,0.0309800756031215,0.0282149335828645,NA,-0.0200802175342875,-0.0200802175342875,-0.0200802175342875,0.0273753846164613,0.0219010754098125,0.0164267662031638,NA,NA,NA,NA,NA,NA
"127_7",142,-0.179827520113885,-0.0892022957926775,NA,0.0134723984360563,0.0134313531710469,NA,0.00308315780807307,0.00308315780807307,0.00308315780807307,0.0133490785931755,0.0106792664541748,0.00800945431517398,NA,NA,NA,NA,NA,NA
"127_7",142,-0.179827520113885,-0.0892022957926775,NA,0.0134723984360563,0.0134313531710469,NA,-0.00370898051911253,-0.00370898051911253,-0.00370898051911253,0.0190010706522389,0.0152008870746616,0.0114007034970843,NA,NA,NA,NA,NA,NA
"127_7",142,-0.179827520113885,-0.0892022957926775,NA,0.0134723984360563,0.0134313531710469,NA,-0.00154522660344987,-0.00154522660344987,-0.00154522660344987,0.0330202484384774,0.0264162202042518,0.0198121919700262,NA,NA,NA,NA,NA,NA
"127_7",142,-0.179827520113885,-0.0892022957926775,NA,0.0134723984360563,0.0134313531710469,NA,-0.0082604112575195,-0.0082604112575195,-0.0082604112575195,0.0247552568426273,0.0198043698248456,0.014853482807064,NA,NA,NA,NA,NA,NA
"127_7",142,-0.119775183677997,-0.200433837304596,NA,0.0192190225630163,0.019274685555498,NA,0.00308315780807307,0.00308315780807307,0.00308315780807307,0.0133490785931755,0.0106792664541748,0.00800945431517398,NA,NA,NA,NA,NA,NA
"127_7",142,-0.119775183677997,-0.200433837304596,NA,0.0192190225630163,0.019274685555498,NA,-0.00370898051911253,-0.00370898051911253,-0.00370898051911253,0.0190010706522389,0.0152008870746616,0.0114007034970843,NA,NA,NA,NA,NA,NA
"127_7",142,-0.119775183677997,-0.200433837304596,NA,0.0192190225630163,0.019274685555498,NA,-0.00154522660344987,-0.00154522660344987,-0.00154522660344987,0.0330202484384774,0.0264162202042518,0.0198121919700262,NA,NA,NA,NA,NA,NA
"127_7",142,-0.119775183677997,-0.200433837304596,NA,0.0192190225630163,0.019274685555498,NA,-0.0082604112575195,-0.0082604112575195,-0.0082604112575195,0.0247552568426273,0.0198043698248456,0.014853482807064,NA,NA,NA,NA,NA,NA
"127_7",142,-0.0550679280221614,-0.0892509503134208,NA,0.0340059455542431,0.0340189278053884,NA,0.00308315780807307,0.00308315780807307,0.00308315780807307,0.0133490785931755,0.0106792664541748,0.00800945431517398,NA,NA,NA,NA,NA,NA
"127_7",142,-0.0550679280221614,-0.0892509503134208,NA,0.0340059455542431,0.0340189278053884,NA,-0.00370898051911253,-0.00370898051911253,-0.00370898051911253,0.0190010706522389,0.0152008870746616,0.0114007034970843,NA,NA,NA,NA,NA,NA
"127_7",142,-0.0550679280221614,-0.0892509503134208,NA,0.0340059455542431,0.0340189278053884,NA,-0.00154522660344987,-0.00154522660344987,-0.00154522660344987,0.0330202484384774,0.0264162202042518,0.0198121919700262,NA,NA,NA,NA,NA,NA
"127_7",142,-0.0550679280221614,-0.0892509503134208,NA,0.0340059455542431,0.0340189278053884,NA,-0.0082604112575195,-0.0082604112575195,-0.0082604112575195,0.0247552568426273,0.0198043698248456,0.014853482807064,NA,NA,NA,NA,NA,NA
"127_7",142,0.240578103127844,0.0117292737507587,NA,0.025315737072395,0.0251762678747093,NA,0.00308315780807307,0.00308315780807307,0.00308315780807307,0.0133490785931755,0.0106792664541748,0.00800945431517398,NA,NA,NA,NA,NA,NA
"127_7",142,0.240578103127844,0.0117292737507587,NA,0.025315737072395,0.0251762678747093,NA,-0.00370898051911253,-0.00370898051911253,-0.00370898051911253,0.0190010706522389,0.0152008870746616,0.0114007034970843,NA,NA,NA,NA,NA,NA
"127_7",142,0.240578103127844,0.0117292737507587,NA,0.025315737072395,0.0251762678747093,NA,-0.00154522660344987,-0.00154522660344987,-0.00154522660344987,0.0330202484384774,0.0264162202042518,0.0198121919700262,NA,NA,NA,NA,NA,NA
"127_7",142,0.240578103127844,0.0117292737507587,NA,0.025315737072395,0.0251762678747093,NA,-0.0082604112575195,-0.0082604112575195,-0.0082604112575195,0.0247552568426273,0.0198043698248456,0.014853482807064,NA,NA,NA,NA,NA,NA
"127_7",148,0.125860882984218,0.276993798411541,NA,0.0120645899073931,0.0121543902060551,NA,0.00630935577501912,0.00630935577501912,0.00630935577501912,0.011982053774626,0.00958565532192997,0.00718925686923393,NA,NA,NA,NA,NA,NA
"127_7",148,0.125860882984218,0.276993798411541,NA,0.0120645899073931,0.0121543902060551,NA,-0.000245409114270868,-0.000245409114270868,-0.000245409114270868,0.0176340407916994,0.0141072709004268,0.0105805010091542,NA,NA,NA,NA,NA,NA
"127_7",148,0.125860882984218,0.276993798411541,NA,0.0120645899073931,0.0121543902060551,NA,0.00202747745325442,0.00202747745325442,0.00202747745325442,0.0316532215029357,0.0253226069550149,0.0189919924070941,NA,NA,NA,NA,NA,NA
"127_7",148,0.125860882984218,0.276993798411541,NA,0.0120645899073931,0.0121543902060551,NA,-0.00488194100665673,-0.00488194100665673,-0.00488194100665673,0.0233881991788201,0.0187107258473432,0.0140332525158663,NA,NA,NA,NA,NA,NA
"127_7",148,0.189906587358259,0.166767733507977,NA,0.0178895576268317,0.0178744973440166,NA,0.00630935577501912,0.00630935577501912,0.00630935577501912,0.011982053774626,0.00958565532192997,0.00718925686923393,NA,NA,NA,NA,NA,NA
"127_7",148,0.189906587358259,0.166767733507977,NA,0.0178895576268317,0.0178744973440166,NA,-0.000245409114270868,-0.000245409114270868,-0.000245409114270868,0.0176340407916994,0.0141072709004268,0.0105805010091542,NA,NA,NA,NA,NA,NA
"127_7",148,0.189906587358259,0.166767733507977,NA,0.0178895576268317,0.0178744973440166,NA,0.00202747745325442,0.00202747745325442,0.00202747745325442,0.0316532215029357,0.0253226069550149,0.0189919924070941,NA,NA,NA,NA,NA,NA
"127_7",148,0.189906587358259,0.166767733507977,NA,0.0178895576268317,0.0178744973440166,NA,-0.00488194100665673,-0.00488194100665673,-0.00488194100665673,0.0233881991788201,0.0187107258473432,0.0140332525158663,NA,NA,NA,NA,NA,NA
"127_7",148,0.260463964447097,0.289080064557408,NA,0.0328116732763498,0.0328455651016709,NA,0.00630935577501912,0.00630935577501912,0.00630935577501912,0.011982053774626,0.00958565532192997,0.00718925686923393,NA,NA,NA,NA,NA,NA
"127_7",148,0.260463964447097,0.289080064557408,NA,0.0328116732763498,0.0328455651016709,NA,-0.000245409114270868,-0.000245409114270868,-0.000245409114270868,0.0176340407916994,0.0141072709004268,0.0105805010091542,NA,NA,NA,NA,NA,NA
"127_7",148,0.260463964447097,0.289080064557408,NA,0.0328116732763498,0.0328455651016709,NA,0.00202747745325442,0.00202747745325442,0.00202747745325442,0.0316532215029357,0.0253226069550149,0.0189919924070941,NA,NA,NA,NA,NA,NA
"127_7",148,0.260463964447097,0.289080064557408,NA,0.0328116732763498,0.0328455651016709,NA,-0.00488194100665673,-0.00488194100665673,-0.00488194100665673,0.0233881991788201,0.0187107258473432,0.0140332525158663,NA,NA,NA,NA,NA,NA
"127_7",148,0.539568110701563,0.386940129035898,NA,0.024409054080452,0.0241250960832075,NA,0.00630935577501912,0.00630935577501912,0.00630935577501912,0.011982053774626,0.00958565532192997,0.00718925686923393,NA,NA,NA,NA,NA,NA
"127_7",148,0.539568110701563,0.386940129035898,NA,0.024409054080452,0.0241250960832075,NA,-0.000245409114270868,-0.000245409114270868,-0.000245409114270868,0.0176340407916994,0.0141072709004268,0.0105805010091542,NA,NA,NA,NA,NA,NA
"127_7",148,0.539568110701563,0.386940129035898,NA,0.024409054080452,0.0241250960832075,NA,0.00202747745325442,0.00202747745325442,0.00202747745325442,0.0316532215029357,0.0253226069550149,0.0189919924070941,NA,NA,NA,NA,NA,NA
"127_7",148,0.539568110701563,0.386940129035898,NA,0.024409054080452,0.0241250960832075,NA,-0.00488194100665673,-0.00488194100665673,-0.00488194100665673,0.0233881991788201,0.0187107258473432,0.0140332525158663,NA,NA,NA,NA,NA,NA
"127_7",154,0.503961881121493,0.94057763832779,NA,0.0324219224712999,0.0341451703294933,NA,0.0169477994392793,0.0169477994392793,0.0169477994392793,0.0309626505330065,0.0247706948429264,0.0185787391528463,NA,NA,NA,NA,NA,NA
"127_7",154,0.503961881121493,0.94057763832779,NA,0.0324219224712999,0.0341451703294933,NA,0.0110491088442679,0.0110491088442679,0.0110491088442679,0.0366146732933955,0.0292923461647388,0.0219700190360822,NA,NA,NA,NA,NA,NA
"127_7",154,0.503961881121493,0.94057763832779,NA,0.0324219224712999,0.0341451703294933,NA,0.0138448339659947,0.0138448339659947,0.0138448339659947,0.0506342377236736,0.0405080659383686,0.0303818941530637,NA,NA,NA,NA,NA,NA
"127_7",154,0.503961881121493,0.94057763832779,NA,0.0324219224712999,0.0341451703294933,NA,0.00584038737801446,0.00584038737801446,0.00584038737801446,0.0423679474292116,0.0338949168603506,0.0254218862914896,NA,NA,NA,NA,NA,NA
"127_7",154,0.564637514471334,0.819041531959526,NA,0.0386827236194584,0.0401743062818578,NA,0.0169477994392793,0.0169477994392793,0.0169477994392793,0.0309626505330065,0.0247706948429264,0.0185787391528463,NA,NA,NA,NA,NA,NA
"127_7",154,0.564637514471334,0.819041531959526,NA,0.0386827236194584,0.0401743062818578,NA,0.0110491088442679,0.0110491088442679,0.0110491088442679,0.0366146732933955,0.0292923461647388,0.0219700190360822,NA,NA,NA,NA,NA,NA
"127_7",154,0.564637514471334,0.819041531959526,NA,0.0386827236194584,0.0401743062818578,NA,0.0138448339659947,0.0138448339659947,0.0138448339659947,0.0506342377236736,0.0405080659383686,0.0303818941530637,NA,NA,NA,NA,NA,NA
"127_7",154,0.564637514471334,0.819041531959526,NA,0.0386827236194584,0.0401743062818578,NA,0.00584038737801446,0.00584038737801446,0.00584038737801446,0.0423679474292116,0.0338949168603506,0.0254218862914896,NA,NA,NA,NA,NA,NA
"127_7",154,0.643466697927294,0.996256021542373,NA,0.0544331966579312,0.0582389642179179,NA,0.0169477994392793,0.0169477994392793,0.0169477994392793,0.0309626505330065,0.0247706948429264,0.0185787391528463,NA,NA,NA,NA,NA,NA
"127_7",154,0.643466697927294,0.996256021542373,NA,0.0544331966579312,0.0582389642179179,NA,0.0110491088442679,0.0110491088442679,0.0110491088442679,0.0366146732933955,0.0292923461647388,0.0219700190360822,NA,NA,NA,NA,NA,NA
"127_7",154,0.643466697927294,0.996256021542373,NA,0.0544331966579312,0.0582389642179179,NA,0.0138448339659947,0.0138448339659947,0.0138448339659947,0.0506342377236736,0.0405080659383686,0.0303818941530637,NA,NA,NA,NA,NA,NA
"127_7",154,0.643466697927294,0.996256021542373,NA,0.0544331966579312,0.0582389642179179,NA,0.00584038737801446,0.00584038737801446,0.00584038737801446,0.0423679474292116,0.0338949168603506,0.0254218862914896,NA,NA,NA,NA,NA,NA
"127_7",154,0.84893408850299,1.08936072434406,NA,0.0470201726079858,0.0495256441193891,NA,0.0169477994392793,0.0169477994392793,0.0169477994392793,0.0309626505330065,0.0247706948429264,0.0185787391528463,NA,NA,NA,NA,NA,NA
"127_7",154,0.84893408850299,1.08936072434406,NA,0.0470201726079858,0.0495256441193891,NA,0.0110491088442679,0.0110491088442679,0.0110491088442679,0.0366146732933955,0.0292923461647388,0.0219700190360822,NA,NA,NA,NA,NA,NA
"127_7",154,0.84893408850299,1.08936072434406,NA,0.0470201726079858,0.0495256441193891,NA,0.0138448339659947,0.0138448339659947,0.0138448339659947,0.0506342377236736,0.0405080659383686,0.0303818941530637,NA,NA,NA,NA,NA,NA
"127_7",154,0.84893408850299,1.08936072434406,NA,0.0470201726079858,0.0495256441193891,NA,0.00584038737801446,0.00584038737801446,0.00584038737801446,0.0423679474292116,0.0338949168603506,0.0254218862914896,NA,NA,NA,NA,NA,NA
"127_7",160,0.23108247686927,0.412287000253862,NA,0.0241846257349149,0.0244746293654181,NA,0.00631521633086366,0.00631521633086366,0.00631521633086366,0.0237077253298906,0.0189662211392717,0.0142247169486527,NA,NA,NA,NA,NA,NA
"127_7",160,0.23108247686927,0.412287000253862,NA,0.0241846257349149,0.0244746293654181,NA,0.00112937801377095,0.00112937801377095,0.00112937801377095,0.0293596227859271,0.0234877471567317,0.0176158715275362,NA,NA,NA,NA,NA,NA
"127_7",160,0.23108247686927,0.412287000253862,NA,0.0241846257349149,0.0244746293654181,NA,0.00254413151208451,0.00254413151208451,0.00254413151208451,0.0433787949544841,0.0347030746686404,0.0260273543827967,NA,NA,NA,NA,NA,NA
"127_7",160,0.23108247686927,0.412287000253862,NA,0.0241846257349149,0.0244746293654181,NA,-0.0020534620946307,-0.0020534620946307,-0.0020534620946307,0.0351133657673597,0.0280907866979599,0.0210682076285601,NA,NA,NA,NA,NA,NA
"127_7",160,0.276108917796948,0.299117833072922,NA,0.0300058699562464,0.030054529307626,NA,0.00631521633086366,0.00631521633086366,0.00631521633086366,0.0237077253298906,0.0189662211392717,0.0142247169486527,NA,NA,NA,NA,NA,NA
"127_7",160,0.276108917796948,0.299117833072922,NA,0.0300058699562464,0.030054529307626,NA,0.00112937801377095,0.00112937801377095,0.00112937801377095,0.0293596227859271,0.0234877471567317,0.0176158715275362,NA,NA,NA,NA,NA,NA
"127_7",160,0.276108917796948,0.299117833072922,NA,0.0300058699562464,0.030054529307626,NA,0.00254413151208451,0.00254413151208451,0.00254413151208451,0.0433787949544841,0.0347030746686404,0.0260273543827967,NA,NA,NA,NA,NA,NA
"127_7",160,0.276108917796948,0.299117833072922,NA,0.0300058699562464,0.030054529307626,NA,-0.0020534620946307,-0.0020534620946307,-0.0020534620946307,0.0351133657673597,0.0280907866979599,0.0210682076285601,NA,NA,NA,NA,NA,NA
"127_7",160,0.321041416007142,0.402232447854036,NA,0.0448340567937605,0.0451464150454348,NA,0.00631521633086366,0.00631521633086366,0.00631521633086366,0.0237077253298906,0.0189662211392717,0.0142247169486527,NA,NA,NA,NA,NA,NA
"127_7",160,0.321041416007142,0.402232447854036,NA,0.0448340567937605,0.0451464150454348,NA,0.00112937801377095,0.00112937801377095,0.00112937801377095,0.0293596227859271,0.0234877471567317,0.0176158715275362,NA,NA,NA,NA,NA,NA
"127_7",160,0.321041416007142,0.402232447854036,NA,0.0448340567937605,0.0451464150454348,NA,0.00254413151208451,0.00254413151208451,0.00254413151208451,0.0433787949544841,0.0347030746686404,0.0260273543827967,NA,NA,NA,NA,NA,NA
"127_7",160,0.321041416007142,0.402232447854036,NA,0.0448340567937605,0.0451464150454348,NA,-0.0020534620946307,-0.0020534620946307,-0.0020534620946307,0.0351133657673597,0.0280907866979599,0.0210682076285601,NA,NA,NA,NA,NA,NA
"127_7",160,0.543610834429371,0.495786901750117,NA,0.036943910466949,0.0367200001635165,NA,0.00631521633086366,0.00631521633086366,0.00631521633086366,0.0237077253298906,0.0189662211392717,0.0142247169486527,NA,NA,NA,NA,NA,NA
"127_7",160,0.543610834429371,0.495786901750117,NA,0.036943910466949,0.0367200001635165,NA,0.00112937801377095,0.00112937801377095,0.00112937801377095,0.0293596227859271,0.0234877471567317,0.0176158715275362,NA,NA,NA,NA,NA,NA
"127_7",160,0.543610834429371,0.495786901750117,NA,0.036943910466949,0.0367200001635165,NA,0.00254413151208451,0.00254413151208451,0.00254413151208451,0.0433787949544841,0.0347030746686404,0.0260273543827967,NA,NA,NA,NA,NA,NA
"127_7",160,0.543610834429371,0.495786901750117,NA,0.036943910466949,0.0367200001635165,NA,-0.0020534620946307,-0.0020534620946307,-0.0020534620946307,0.0351133657673597,0.0280907866979599,0.0210682076285601,NA,NA,NA,NA,NA,NA
"127_8",144,-0.0117537875642996,-0.00673672760963627,NA,0.0159135588423455,0.0159133740454865,NA,0.000170398402928804,0.000170398402928804,0.000170398402928804,0.0158151419211566,0.012652113604444,0.00948908528773143,NA,NA,NA,NA,NA,NA
"127_8",144,-0.0117537875642996,-0.00673672760963627,NA,0.0159135588423455,0.0159133740454865,NA,0.0156327787347085,0.0156327787347085,0.0156327787347085,0.0177369724955176,0.0141897990556471,0.0106426256157767,NA,NA,NA,NA,NA,NA
"127_8",144,-0.0117537875642996,-0.00673672760963627,NA,0.0159135588423455,0.0159133740454865,NA,-0.00373349167772399,-0.00373349167772399,-0.00373349167772399,0.0319143622535175,0.0255315310429823,0.0191486998324471,NA,NA,NA,NA,NA,NA
"127_8",144,-0.0117537875642996,-0.00673672760963627,NA,0.0159135588423455,0.0159133740454865,NA,0.0230453792581594,0.0230453792581594,0.0230453792581594,0.0261188132187428,0.0208959859187509,0.0156731586187591,NA,NA,NA,NA,NA,NA
"127_8",144,-0.316703727924188,0.0986444205025419,NA,0.0180838650538792,0.0178807921175904,NA,0.000170398402928804,0.000170398402928804,0.000170398402928804,0.0158151419211566,0.012652113604444,0.00948908528773143,NA,NA,NA,NA,NA,NA
"127_8",144,-0.316703727924188,0.0986444205025419,NA,0.0180838650538792,0.0178807921175904,NA,0.0156327787347085,0.0156327787347085,0.0156327787347085,0.0177369724955176,0.0141897990556471,0.0106426256157767,NA,NA,NA,NA,NA,NA
"127_8",144,-0.316703727924188,0.0986444205025419,NA,0.0180838650538792,0.0178807921175904,NA,-0.00373349167772399,-0.00373349167772399,-0.00373349167772399,0.0319143622535175,0.0255315310429823,0.0191486998324471,NA,NA,NA,NA,NA,NA
"127_8",144,-0.316703727924188,0.0986444205025419,NA,0.0180838650538792,0.0178807921175904,NA,0.0230453792581594,0.0230453792581594,0.0230453792581594,0.0261188132187428,0.0208959859187509,0.0156731586187591,NA,NA,NA,NA,NA,NA
"127_8",144,-0.415502520191181,-0.460703484845053,NA,0.0331670554496932,0.0332923888568551,NA,0.000170398402928804,0.000170398402928804,0.000170398402928804,0.0158151419211566,0.012652113604444,0.00948908528773143,NA,NA,NA,NA,NA,NA
"127_8",144,-0.415502520191181,-0.460703484845053,NA,0.0331670554496932,0.0332923888568551,NA,0.0156327787347085,0.0156327787347085,0.0156327787347085,0.0177369724955176,0.0141897990556471,0.0106426256157767,NA,NA,NA,NA,NA,NA
"127_8",144,-0.415502520191181,-0.460703484845053,NA,0.0331670554496932,0.0332923888568551,NA,-0.00373349167772399,-0.00373349167772399,-0.00373349167772399,0.0319143622535175,0.0255315310429823,0.0191486998324471,NA,NA,NA,NA,NA,NA
"127_8",144,-0.415502520191181,-0.460703484845053,NA,0.0331670554496932,0.0332923888568551,NA,0.0230453792581594,0.0230453792581594,0.0230453792581594,0.0261188132187428,0.0208959859187509,0.0156731586187591,NA,NA,NA,NA,NA,NA
"127_8",144,0.00725645457072658,0.560684961992849,NA,0.0264932538461603,0.0274069601556719,NA,0.000170398402928804,0.000170398402928804,0.000170398402928804,0.0158151419211566,0.012652113604444,0.00948908528773143,NA,NA,NA,NA,NA,NA
"127_8",144,0.00725645457072658,0.560684961992849,NA,0.0264932538461603,0.0274069601556719,NA,0.0156327787347085,0.0156327787347085,0.0156327787347085,0.0177369724955176,0.0141897990556471,0.0106426256157767,NA,NA,NA,NA,NA,NA
"127_8",144,0.00725645457072658,0.560684961992849,NA,0.0264932538461603,0.0274069601556719,NA,-0.00373349167772399,-0.00373349167772399,-0.00373349167772399,0.0319143622535175,0.0255315310429823,0.0191486998324471,NA,NA,NA,NA,NA,NA
"127_8",144,0.00725645457072658,0.560684961992849,NA,0.0264932538461603,0.0274069601556719,NA,0.0230453792581594,0.0230453792581594,0.0230453792581594,0.0261188132187428,0.0208959859187509,0.0156731586187591,NA,NA,NA,NA,NA,NA
"127_8",150,0.400024542832319,0.421543573039655,NA,0.0126459437973724,0.0126724098888437,NA,0.000435655206735009,0.000435655206735009,0.000435655206735009,0.0123409024416301,0.00987272209678709,0.00740454175194406,NA,NA,NA,NA,NA,NA
"127_8",150,0.400024542832319,0.421543573039655,NA,0.0126459437973724,0.0126724098888437,NA,0.0136712071110493,0.0136712071110493,0.0136712071110493,0.0142624346070749,0.011410109139074,0.00855778367107309,NA,NA,NA,NA,NA,NA
"127_8",150,0.400024542832319,0.421543573039655,NA,0.0126459437973724,0.0126724098888437,NA,-0.00256333419875549,-0.00256333419875549,-0.00256333419875549,0.0284400401390628,0.0227520569003972,0.0170640736617315,NA,NA,NA,NA,NA,NA
"127_8",150,0.400024542832319,0.421543573039655,NA,0.0126459437973724,0.0126724098888437,NA,0.0185401476826711,0.0185401476826711,0.0185401476826711,0.0226428188729863,0.018114839544864,0.0135868602167417,NA,NA,NA,NA,NA,NA
"127_8",150,0.145494392022489,0.49998449187117,NA,0.0143973509206644,0.014771233067726,NA,0.000435655206735009,0.000435655206735009,0.000435655206735009,0.0123409024416301,0.00987272209678709,0.00740454175194406,NA,NA,NA,NA,NA,NA
"127_8",150,0.145494392022489,0.49998449187117,NA,0.0143973509206644,0.014771233067726,NA,0.0136712071110493,0.0136712071110493,0.0136712071110493,0.0142624346070749,0.011410109139074,0.00855778367107309,NA,NA,NA,NA,NA,NA
"127_8",150,0.145494392022489,0.49998449187117,NA,0.0143973509206644,0.014771233067726,NA,-0.00256333419875549,-0.00256333419875549,-0.00256333419875549,0.0284400401390628,0.0227520569003972,0.0170640736617315,NA,NA,NA,NA,NA,NA
"127_8",150,0.145494392022489,0.49998449187117,NA,0.0143973509206644,0.014771233067726,NA,0.0185401476826711,0.0185401476826711,0.0185401476826711,0.0226428188729863,0.018114839544864,0.0135868602167417,NA,NA,NA,NA,NA,NA
"127_8",150,0.0780973153529333,0.00127675351254524,NA,0.0292185049485871,0.0292058544079941,NA,0.000435655206735009,0.000435655206735009,0.000435655206735009,0.0123409024416301,0.00987272209678709,0.00740454175194406,NA,NA,NA,NA,NA,NA
"127_8",150,0.0780973153529333,0.00127675351254524,NA,0.0292185049485871,0.0292058544079941,NA,0.0136712071110493,0.0136712071110493,0.0136712071110493,0.0142624346070749,0.011410109139074,0.00855778367107309,NA,NA,NA,NA,NA,NA
"127_8",150,0.0780973153529333,0.00127675351254524,NA,0.0292185049485871,0.0292058544079941,NA,-0.00256333419875549,-0.00256333419875549,-0.00256333419875549,0.0284400401390628,0.0227520569003972,0.0170640736617315,NA,NA,NA,NA,NA,NA
"127_8",150,0.0780973153529333,0.00127675351254524,NA,0.0292185049485871,0.0292058544079941,NA,0.0185401476826711,0.0185401476826711,0.0185401476826711,0.0226428188729863,0.018114839544864,0.0135868602167417,NA,NA,NA,NA,NA,NA
"127_8",150,0.451228069224057,0.947999425765666,NA,0.0234436510739404,0.024806584683345,NA,0.000435655206735009,0.000435655206735009,0.000435655206735009,0.0123409024416301,0.00987272209678709,0.00740454175194406,NA,NA,NA,NA,NA,NA
"127_8",150,0.451228069224057,0.947999425765666,NA,0.0234436510739404,0.024806584683345,NA,0.0136712071110493,0.0136712071110493,0.0136712071110493,0.0142624346070749,0.011410109139074,0.00855778367107309,NA,NA,NA,NA,NA,NA
"127_8",150,0.451228069224057,0.947999425765666,NA,0.0234436510739404,0.024806584683345,NA,-0.00256333419875549,-0.00256333419875549,-0.00256333419875549,0.0284400401390628,0.0227520569003972,0.0170640736617315,NA,NA,NA,NA,NA,NA
"127_8",150,0.451228069224057,0.947999425765666,NA,0.0234436510739404,0.024806584683345,NA,0.0185401476826711,0.0185401476826711,0.0185401476826711,0.0226428188729863,0.018114839544864,0.0135868602167417,NA,NA,NA,NA,NA,NA
"127_8",156,0.0700998751813365,0.425981306556612,NA,0.030469206885632,0.0309679246286694,NA,0.0111828653472043,0.0111828653472043,0.0111828653472043,0.0298070106081487,0.0238459042422449,0.0178847978763411,NA,NA,NA,NA,NA,NA
"127_8",156,0.0700998751813365,0.425981306556612,NA,0.030469206885632,0.0309679246286694,NA,0.0323632595136244,0.0323632595136244,0.0323632595136244,0.0317304036174921,0.0253851521284304,0.0190399006393688,NA,NA,NA,NA,NA,NA
"127_8",156,0.0700998751813365,0.425981306556612,NA,0.030469206885632,0.0309679246286694,NA,0.0171780599972618,0.0171780599972618,0.0171780599972618,0.0459111603963692,0.0367302511366427,0.0275493418769163,NA,NA,NA,NA,NA,NA
"127_8",156,0.0700998751813365,0.425981306556612,NA,0.030469206885632,0.0309679246286694,NA,0.0505657292594661,0.0505657292594661,0.0505657292594661,0.0401176157112743,0.0320967103620912,0.0240758050129081,NA,NA,NA,NA,NA,NA
"127_8",156,-0.235414877667955,0.478796707989837,NA,0.0325423718219066,0.0331256809593378,NA,0.0111828653472043,0.0111828653472043,0.0111828653472043,0.0298070106081487,0.0238459042422449,0.0178847978763411,NA,NA,NA,NA,NA,NA
"127_8",156,-0.235414877667955,0.478796707989837,NA,0.0325423718219066,0.0331256809593378,NA,0.0323632595136244,0.0323632595136244,0.0323632595136244,0.0317304036174921,0.0253851521284304,0.0190399006393688,NA,NA,NA,NA,NA,NA
"127_8",156,-0.235414877667955,0.478796707989837,NA,0.0325423718219066,0.0331256809593378,NA,0.0171780599972618,0.0171780599972618,0.0171780599972618,0.0459111603963692,0.0367302511366427,0.0275493418769163,NA,NA,NA,NA,NA,NA
"127_8",156,-0.235414877667955,0.478796707989837,NA,0.0325423718219066,0.0331256809593378,NA,0.0505657292594661,0.0505657292594661,0.0505657292594661,0.0401176157112743,0.0320967103620912,0.0240758050129081,NA,NA,NA,NA,NA,NA
"127_8",156,-0.379340914433027,-0.00433643438509552,NA,0.0476319306169543,0.046775497731837,NA,0.0111828653472043,0.0111828653472043,0.0111828653472043,0.0298070106081487,0.0238459042422449,0.0178847978763411,NA,NA,NA,NA,NA,NA
"127_8",156,-0.379340914433027,-0.00433643438509552,NA,0.0476319306169543,0.046775497731837,NA,0.0323632595136244,0.0323632595136244,0.0323632595136244,0.0317304036174921,0.0253851521284304,0.0190399006393688,NA,NA,NA,NA,NA,NA
"127_8",156,-0.379340914433027,-0.00433643438509552,NA,0.0476319306169543,0.046775497731837,NA,0.0171780599972618,0.0171780599972618,0.0171780599972618,0.0459111603963692,0.0367302511366427,0.0275493418769163,NA,NA,NA,NA,NA,NA
"127_8",156,-0.379340914433027,-0.00433643438509552,NA,0.0476319306169543,0.046775497731837,NA,0.0505657292594661,0.0505657292594661,0.0505657292594661,0.0401176157112743,0.0320967103620912,0.0240758050129081,NA,NA,NA,NA,NA,NA
"127_8",156,0.118726489212587,0.995645734417269,NA,0.0408626583136997,0.0458484463199372,NA,0.0111828653472043,0.0111828653472043,0.0111828653472043,0.0298070106081487,0.0238459042422449,0.0178847978763411,NA,NA,NA,NA,NA,NA
"127_8",156,0.118726489212587,0.995645734417269,NA,0.0408626583136997,0.0458484463199372,NA,0.0323632595136244,0.0323632595136244,0.0323632595136244,0.0317304036174921,0.0253851521284304,0.0190399006393688,NA,NA,NA,NA,NA,NA
"127_8",156,0.118726489212587,0.995645734417269,NA,0.0408626583136997,0.0458484463199372,NA,0.0171780599972618,0.0171780599972618,0.0171780599972618,0.0459111603963692,0.0367302511366427,0.0275493418769163,NA,NA,NA,NA,NA,NA
"127_8",156,0.118726489212587,0.995645734417269,NA,0.0408626583136997,0.0458484463199372,NA,0.0505657292594661,0.0505657292594661,0.0505657292594661,0.0401176157112743,0.0320967103620912,0.0240758050129081,NA,NA,NA,NA,NA,NA
"127_8",162,-0.216329150519067,-0.423564492812192,NA,0.0252410531999307,0.0255900231425806,NA,-0.00629301677625315,-0.00629301677625315,-0.00629301677625315,0.0247498062690922,0.0197999137545468,0.0148500212400013,NA,NA,NA,NA,NA,NA
"127_8",162,-0.216329150519067,-0.423564492812192,NA,0.0252410531999307,0.0255900231425806,NA,0.00687202874031533,0.00687202874031533,0.00687202874031533,0.0266718155431785,0.0213377779054752,0.0160037402677719,NA,NA,NA,NA,NA,NA
"127_8",162,-0.216329150519067,-0.423564492812192,NA,0.0252410531999307,0.0255900231425806,NA,-0.0139854660893408,-0.0139854660893408,-0.0139854660893408,0.0408495426628572,0.0326798472544891,0.0245101518461211,NA,NA,NA,NA,NA,NA
"127_8",162,-0.216329150519067,-0.423564492812192,NA,0.0252410531999307,0.0255900231425806,NA,0.0137793844221218,0.0137793844221218,0.0137793844221218,0.0350541207755525,0.0280444292777278,0.0210347377799031,NA,NA,NA,NA,NA,NA
"127_8",162,-0.545557878185996,-0.28507833636914,NA,0.027954007126383,0.0272862178035935,NA,-0.00629301677625315,-0.00629301677625315,-0.00629301677625315,0.0247498062690922,0.0197999137545468,0.0148500212400013,NA,NA,NA,NA,NA,NA
"127_8",162,-0.545557878185996,-0.28507833636914,NA,0.027954007126383,0.0272862178035935,NA,0.00687202874031533,0.00687202874031533,0.00687202874031533,0.0266718155431785,0.0213377779054752,0.0160037402677719,NA,NA,NA,NA,NA,NA
"127_8",162,-0.545557878185996,-0.28507833636914,NA,0.027954007126383,0.0272862178035935,NA,-0.0139854660893408,-0.0139854660893408,-0.0139854660893408,0.0408495426628572,0.0326798472544891,0.0245101518461211,NA,NA,NA,NA,NA,NA
"127_8",162,-0.545557878185996,-0.28507833636914,NA,0.027954007126383,0.0272862178035935,NA,0.0137793844221218,0.0137793844221218,0.0137793844221218,0.0350541207755525,0.0280444292777278,0.0210347377799031,NA,NA,NA,NA,NA,NA
"127_8",162,-0.677691124805451,-0.82843031038386,NA,0.0439482639553963,0.0451185295147912,NA,-0.00629301677625315,-0.00629301677625315,-0.00629301677625315,0.0247498062690922,0.0197999137545468,0.0148500212400013,NA,NA,NA,NA,NA,NA
"127_8",162,-0.677691124805451,-0.82843031038386,NA,0.0439482639553963,0.0451185295147912,NA,0.00687202874031533,0.00687202874031533,0.00687202874031533,0.0266718155431785,0.0213377779054752,0.0160037402677719,NA,NA,NA,NA,NA,NA
"127_8",162,-0.677691124805451,-0.82843031038386,NA,0.0439482639553963,0.0451185295147912,NA,-0.0139854660893408,-0.0139854660893408,-0.0139854660893408,0.0408495426628572,0.0326798472544891,0.0245101518461211,NA,NA,NA,NA,NA,NA
"127_8",162,-0.677691124805451,-0.82843031038386,NA,0.0439482639553963,0.0451185295147912,NA,0.0137793844221218,0.0137793844221218,0.0137793844221218,0.0350541207755525,0.0280444292777278,0.0210347377799031,NA,NA,NA,NA,NA,NA
"127_8",162,-0.244088871126332,0.0949659615000443,NA,0.0358117720438268,0.0355840204980426,NA,-0.00629301677625315,-0.00629301677625315,-0.00629301677625315,0.0247498062690922,0.0197999137545468,0.0148500212400013,NA,NA,NA,NA,NA,NA
"127_8",162,-0.244088871126332,0.0949659615000443,NA,0.0358117720438268,0.0355840204980426,NA,0.00687202874031533,0.00687202874031533,0.00687202874031533,0.0266718155431785,0.0213377779054752,0.0160037402677719,NA,NA,NA,NA,NA,NA
"127_8",162,-0.244088871126332,0.0949659615000443,NA,0.0358117720438268,0.0355840204980426,NA,-0.0139854660893408,-0.0139854660893408,-0.0139854660893408,0.0408495426628572,0.0326798472544891,0.0245101518461211,NA,NA,NA,NA,NA,NA
"127_8",162,-0.244088871126332,0.0949659615000443,NA,0.0358117720438268,0.0355840204980426,NA,0.0137793844221218,0.0137793844221218,0.0137793844221218,0.0350541207755525,0.0280444292777278,0.0210347377799031,NA,NA,NA,NA,NA,NA
"128",164,0.0589148343964997,0.194547723807285,NA,0.00717338142137479,0.0072042412590109,NA,0.0113253366736009,0.0113253366736009,0.0113253366736009,0.00715108217656157,0.00572093179767623,0.0042907814187909,NA,NA,NA,NA,NA,NA
"129_1",166,NA,-0.0792927847879546,NA,NA,0.0439175620939869,NA,NA,NA,NA,NA,NA,NA,NA,NA,NA,NA,NA,NA
"129_1",167,NA,-0.298911135676205,NA,NA,0.0443790094346081,NA,NA,NA,NA,NA,NA,NA,NA,NA,NA,NA,NA,NA
"129_1",168,NA,0.233044841001737,NA,NA,0.044184354050643,NA,NA,NA,NA,NA,NA,NA,NA,NA,NA,NA,NA,NA
"129_1",169,-0.284510933388716,NA,NA,0.0443323350134219,NA,NA,NA,NA,NA,NA,NA,NA,NA,NA,NA,NA,NA,NA
"129_1",170,-0.265778660702572,NA,NA,0.044275067376017,NA,NA,NA,NA,NA,NA,NA,NA,NA,NA,NA,NA,NA,NA
"129_2",176,NA,0.422984045558218,NA,NA,0.0489862648643727,NA,NA,NA,NA,NA,NA,NA,NA,NA,NA,NA,NA,NA
"129_2",177,NA,0.798840496596186,NA,NA,0.0517864516705023,NA,NA,NA,NA,NA,NA,NA,NA,NA,NA,NA,NA,NA
"129_2",178,NA,0.0398725893167675,NA,NA,0.0479050107215802,NA,NA,NA,NA,NA,NA,NA,NA,NA,NA,NA,NA,NA
"129_2",179,0.181868136018419,NA,NA,0.0480969997186533,NA,NA,NA,NA,NA,NA,NA,NA,NA,NA,NA,NA,NA,NA
"129_2",180,-0.0324800197713272,NA,NA,0.047901749308809,NA,NA,NA,NA,NA,NA,NA,NA,NA,NA,NA,NA,NA,NA
"130",186,-0.0911728904661333,0.348109746684142,NA,0.0442798739877986,0.0449069178754683,NA,0.109752405964363,0.109752405964363,0.109752405964363,0.0434964899067967,0.0348106046296869,0.0261247193525771,NA,NA,NA,NA,NA,NA
"131",188,0.0777713764960224,0,NA,0.183568545513312,0.183417335838259,NA,-0.0301360228126151,-0.0301360228126151,-0.0301360228126151,0.17525249140198,0.141845798688026,0.108439105974072,NA,NA,NA,NA,NA,NA
"131",189,0.0760659965481287,-0.0246198684829651,NA,0.183561986734031,0.183432489286362,NA,-0.0432432914097422,-0.0432432914097422,-0.0432432914097422,0.174191340078615,0.140784647364661,0.107377954650707,NA,NA,NA,NA,NA,NA
"131",190,0.279539437155432,1.2063735556653,NA,0.185370893261389,0.219800764733473,NA,0.930097523007805,0.930097523007805,0.930097523007805,0.269238456719355,0.235831764005401,0.202425071291447,NA,NA,NA,NA,NA,NA
"132",192,-0.622071592281436,0.1338923740465,NA,0.193091662486348,0.183865515033955,NA,0.354138817056317,0.354138817056317,0.354138817056317,0.198387039006282,0.164980346292328,0.131573653578374,NA,NA,NA,NA,NA,NA
"132",194,-0.197285201106819,2.03495612432279,NA,0.184390372102653,0.28694349653623,NA,1.50292422522913,1.50292422522913,1.50292422522913,0.364588679085804,0.33118198637185,0.297775293657896,NA,NA,NA,NA,NA,NA
"133",195,-0.200300966554074,-0.298710475420944,NA,0.156185005701597,0.157208078012508,NA,-0.040028572595848,-0.040028572595848,-0.040028572595848,0.144204303304367,0.115376795032027,0.0865492867596878,NA,NA,NA,NA,NA,NA
"135",199,0.205103892946139,1.12649146973146,NA,0.0965874851228001,0.111923927928751,NA,0.446315447068001,0.446315447068001,0.446315447068001,0.102207701712431,0.0837791439994075,0.0653505862863843,NA,NA,NA,NA,NA,NA
"135",200,-0.300515126467224,0.900393694502699,NA,0.0971905068019745,0.106195500100282,NA,0.63076397260546,0.63076397260546,0.63076397260546,0.0997141238843228,0.0812855661712995,0.0628570084582762,NA,NA,NA,NA,NA,NA
"135",201,0.0706675849269101,0.81425234697244,0.228091376786521,0.0961240638810218,0.104349226093406,0.096711960988584,0.0573095343350474,0.0573095343350474,0.0573095343350474,0.0923708027389634,0.0739422450259401,0.0555136873129168,0.0103943763254741,0.0103943763254741,0.0103943763254741,0.0930552058863308,0.0746266481733075,0.0561980904602843
"136",205,0.0389479957184124,2.03520633924479,NA,0.168277618961821,0.262380980255723,NA,0.741221881878709,0.741221881878709,0.741221881878709,0.20141839178514,0.170456229705821,0.139494067626503,NA,NA,NA,NA,NA,NA
"136",206,-0.039805548031635,1.39307931176928,NA,0.16827915385463,0.2123492785643,NA,0.474013154821791,0.474013154821791,0.474013154821791,0.181728035299594,0.150765873220276,0.119803711140957,NA,NA,NA,NA,NA,NA
"136",207,0.115479545108994,2.5595039425275,NA,0.168546223029278,0.317130879994624,NA,0.842217768759423,0.842217768759423,0.842217768759423,0.210235029744207,0.179272867664888,0.14831070558557,NA,NA,NA,NA,NA,NA
"137",209,-0.323754485542705,0.210322695187463,0.106809493536443,0.170625346701333,0.169248498274103,0.168502421724072,0.244976710102589,0.244976710102589,0.244976710102589,0.161272879622169,0.130310717542851,0.0993485554635321,0.179649587408566,0.179649587408566,0.179649587408566,0.161369871280339,0.130407709201021,0.0994455471217021
"137",210,-0.0404693106928379,1.23481861641516,1.10369809987658,0.168280364842218,0.202897165986252,0.195928358718655,0.604275884919721,0.604275884919721,0.604275884919721,0.178876865580024,0.147914703500706,0.116952541421387,0.522616981552191,0.522616981552191,0.522616981552191,0.177409866750203,0.146447704670885,0.115485542591566
"138",212,0.132254197859378,-0.105141971543234,NA,0.00744067659762843,0.00754071451413525,NA,-0.0832079800511151,-0.0832079800511151,-0.0832079800511151,0.00774856556745376,0.00624688872592315,0.00474521188439254,NA,NA,NA,NA,NA,NA
"139",214,0.710745329479868,0.0611385702680967,NA,0.161894588058599,0.151866168086539,NA,-0.653127602978679,-0.653127602978679,-0.653127602978679,0.151336405879834,0.123206067638916,0.0950757293979985,NA,NA,NA,NA,NA,NA
"140_1",216,0.0476653653862001,0.132032919714505,NA,0.123571968710192,0.123816496207465,NA,0.0207176300425468,0.0207176300425468,0.0207176300425468,0.116670720309751,0.09335337645085,0.0700360325919493,NA,NA,NA,NA,NA,NA
"140_2",218,0.00842747201210241,0.174307535037008,NA,0.145126436403084,0.145709361297048,NA,0.052867491917674,0.052867491917674,0.052867491917674,0.136579345706049,0.109516334368621,0.0824533230311927,NA,NA,NA,NA,NA,NA
"141",220,0.0201136978203066,1.27551511156841,NA,0.0896803470507394,0.108593535876313,NA,1.09362097630512,1.09362097630512,1.09362097630512,0.151081272295964,0.133824206876899,0.116567141457835,NA,NA,NA,NA,NA,NA
"141",221,0.329774757783607,0.172423594591464,NA,0.0909401939115676,0.0900213393197142,NA,-0.0396805830431939,-0.0396805830431939,-0.0396805830431939,0.113716015804243,0.096458950385179,0.0792018849661147,NA,NA,NA,NA,NA,NA
"141",222,0.156277140928492,0.138715522391783,NA,0.0899596259337251,0.0898993869962326,NA,0.0212390726288555,0.0212390726288555,0.0212390726288555,0.100858523779143,0.0836014583600785,0.0663443929410142,NA,NA,NA,NA,NA,NA
"141",223,0.284137125844165,0.167796117655767,NA,0.090614409207053,0.0900030328212084,NA,-0.00302972168308435,-0.00302972168308435,-0.00302972168308435,0.0968612363532933,0.079604170934229,0.0623471055151648,NA,NA,NA,NA,NA,NA
"141",224,-0.0528625953666252,0.835814924116757,NA,0.0939068877476176,0.102392157666976,NA,0.51918118507998,0.51918118507998,0.51918118507998,0.114641618991895,0.0966146040783004,0.0785875891647058,NA,NA,NA,NA,NA,NA
"141",225,-0.121012104348743,-0.02286489729088,NA,0.0940513935453008,0.093879184693218,NA,0.0611895476735769,0.0611895476735769,0.0611895476735769,0.121271774658983,0.103244759745389,0.0852177448317941,NA,NA,NA,NA,NA,NA
"141",226,0.0736355171574471,-0.12312896362197,NA,0.0939389333012536,0.0940576961341265,NA,-0.185276150071202,-0.185276150071202,-0.185276150071202,0.102577033706705,0.08455001879311,0.0665230038795155,NA,NA,NA,NA,NA,NA
"141",227,-0.0268692834527174,-0.0746091663360598,NA,0.0938816134110855,0.093940693524599,NA,-0.0470737892588004,-0.0470737892588004,-0.0470737892588004,0.100642232415564,0.0826152175019697,0.0645882025883752,NA,NA,NA,NA,NA,NA
"142_1",232,-0.0906456567510415,1.86933808133838,NA,0.185475452077458,0.272630657758808,NA,0.474834509812749,0.474834509812749,0.474834509812749,0.178835986004699,0.145246609217695,0.111657232430691,NA,NA,NA,NA,NA,NA
"142_1",233,-0.0210200942495163,0.106314454841532,NA,0.201520576987751,0.201822269180695,NA,0.0464290716002594,0.0464290716002594,0.0464290716002594,0.181302238851387,0.145085647356698,0.108869055862009,NA,NA,NA,NA,NA,NA
"142_2",236,-0.103631447647441,0.338358748516862,-0.333512937639745,0.116487658457083,0.118059585210967,0.118010255466652,0.16360166171898,0.16360166171898,0.16360166171898,0.112402865547655,0.0903526360191107,0.0683024064905664,-0.0767391881451163,-0.0767391881451163,-0.0767391881451163,0.110527893071641,0.0884776635430964,0.0664274340145522
"142_2",237,-0.138076369698725,0.484839984389913,-0.595744562329484,0.148130344465263,0.152284281515148,0.154588930997493,0.268878918675103,0.268878918675103,0.268878918675103,0.145095591926912,0.117700259004879,0.090304926082846,-0.253594385968303,-0.253594385968303,-0.253594385968303,0.140654273048072,0.113258940126039,0.0858636072040065
"143",240,-0.0405390521019524,0.26042748322831,0.14257694426828,0.0388233642721638,0.0391493694902688,0.0389154074755705,0.100016171881246,0.100016171881246,0.100016171881246,0.0385425255775934,0.0308979832524593,0.0232534409273253,0.0654562492409617,0.0654562492409617,0.0654562492409617,0.0383269863301024,0.0306824440049684,0.0230379016798343
"143",240,-0.0405390521019524,0.26042748322831,0.14257694426828,0.0388233642721638,0.0391493694902688,0.0389154074755705,0.100016171881246,0.100016171881246,0.100016171881246,0.0385425255775934,0.0308979832524593,0.0232534409273253,-0.0518296184314567,-0.0518296184314567,-0.0518296184314567,0.038427736347027,0.030783194021893,0.0231386516967589
"143",240,-0.0405390521019524,0.26042748322831,0.14257694426828,0.0388233642721638,0.0391493694902688,0.0389154074755705,-0.326435666963034,-0.326435666963034,-0.326435666963034,0.0390001666072355,0.0313556242821014,0.0237110819569674,0.0654562492409617,0.0654562492409617,0.0654562492409617,0.0383269863301024,0.0306824440049684,0.0230379016798343
"143",240,-0.0405390521019524,0.26042748322831,0.14257694426828,0.0388233642721638,0.0391493694902688,0.0389154074755705,-0.326435666963034,-0.326435666963034,-0.326435666963034,0.0390001666072355,0.0313556242821014,0.0237110819569674,-0.0518296184314567,-0.0518296184314567,-0.0518296184314567,0.038427736347027,0.030783194021893,0.0231386516967589
"143",240,0.229185748113618,-0.347655359822474,0.0547481957999026,0.0390740179292725,0.0394106590232375,0.0388300339775728,0.100016171881246,0.100016171881246,0.100016171881246,0.0385425255775934,0.0308979832524593,0.0232534409273253,0.0654562492409617,0.0654562492409617,0.0654562492409617,0.0383269863301024,0.0306824440049684,0.0230379016798343
"143",240,0.229185748113618,-0.347655359822474,0.0547481957999026,0.0390740179292725,0.0394106590232375,0.0388300339775728,0.100016171881246,0.100016171881246,0.100016171881246,0.0385425255775934,0.0308979832524593,0.0232534409273253,-0.0518296184314567,-0.0518296184314567,-0.0518296184314567,0.038427736347027,0.030783194021893,0.0231386516967589
"143",240,0.229185748113618,-0.347655359822474,0.0547481957999026,0.0390740179292725,0.0394106590232375,0.0388300339775728,-0.326435666963034,-0.326435666963034,-0.326435666963034,0.0390001666072355,0.0313556242821014,0.0237110819569674,0.0654562492409617,0.0654562492409617,0.0654562492409617,0.0383269863301024,0.0306824440049684,0.0230379016798343
"143",240,0.229185748113618,-0.347655359822474,0.0547481957999026,0.0390740179292725,0.0394106590232375,0.0388300339775728,-0.326435666963034,-0.326435666963034,-0.326435666963034,0.0390001666072355,0.0313556242821014,0.0237110819569674,-0.0518296184314567,-0.0518296184314567,-0.0518296184314567,0.038427736347027,0.030783194021893,0.0231386516967589
"143",241,-0.324707595352954,0.176180774013126,0.86405776881409,0.0393346529802159,0.0389681733873684,0.0424930805928666,0.2096272262487,0.2096272262487,0.2096272262487,0.0386860830568995,0.0310415407317654,0.0233969984066314,0.46643641127543,0.46643641127543,0.46643641127543,0.040784782070605,0.033140239745471,0.025495697420337
"143",241,-0.324707595352954,0.176180774013126,0.86405776881409,0.0393346529802159,0.0389681733873684,0.0424930805928666,0.2096272262487,0.2096272262487,0.2096272262487,0.0386860830568995,0.0310415407317654,0.0233969984066314,0.201646697378599,0.201646697378599,0.201646697378599,0.039664041810121,0.032019499484987,0.024374957159853
"143",241,-0.324707595352954,0.176180774013126,0.86405776881409,0.0393346529802159,0.0389681733873684,0.0424930805928666,-0.338086989898358,-0.338086989898358,-0.338086989898358,0.0393164736916947,0.0316719313665607,0.0240273890414266,0.46643641127543,0.46643641127543,0.46643641127543,0.040784782070605,0.033140239745471,0.025495697420337
"143",241,-0.324707595352954,0.176180774013126,0.86405776881409,0.0393346529802159,0.0389681733873684,0.0424930805928666,-0.338086989898358,-0.338086989898358,-0.338086989898358,0.0393164736916947,0.0316719313665607,0.0240273890414266,0.201646697378599,0.201646697378599,0.201646697378599,0.039664041810121,0.032019499484987,0.024374957159853
"143",241,0.0198637084825253,-0.368763158683611,0.618296238403266,0.0388172123124069,0.0394851517226908,0.0406984717779683,0.2096272262487,0.2096272262487,0.2096272262487,0.0386860830568995,0.0310415407317654,0.0233969984066314,0.46643641127543,0.46643641127543,0.46643641127543,0.040784782070605,0.033140239745471,0.025495697420337
"143",241,0.0198637084825253,-0.368763158683611,0.618296238403266,0.0388172123124069,0.0394851517226908,0.0406984717779683,0.2096272262487,0.2096272262487,0.2096272262487,0.0386860830568995,0.0310415407317654,0.0233969984066314,0.201646697378599,0.201646697378599,0.201646697378599,0.039664041810121,0.032019499484987,0.024374957159853
"143",241,0.0198637084825253,-0.368763158683611,0.618296238403266,0.0388172123124069,0.0394851517226908,0.0406984717779683,-0.338086989898358,-0.338086989898358,-0.338086989898358,0.0393164736916947,0.0316719313665607,0.0240273890414266,0.46643641127543,0.46643641127543,0.46643641127543,0.040784782070605,0.033140239745471,0.025495697420337
"143",241,0.0198637084825253,-0.368763158683611,0.618296238403266,0.0388172123124069,0.0394851517226908,0.0406984717779683,-0.338086989898358,-0.338086989898358,-0.338086989898358,0.0393164736916947,0.0316719313665607,0.0240273890414266,0.201646697378599,0.201646697378599,0.201646697378599,0.039664041810121,0.032019499484987,0.024374957159853
"143",244,0.397059180567985,0.491967417588801,0.261954088002109,0.0395918991397894,0.040007544199374,0.0391532979149012,0.0644888116621911,0.0644888116621911,0.0644888116621911,0.0387352579145685,0.0310907155894345,0.0234461732643005,-0.0368308945915528,-0.0368308945915528,-0.0368308945915528,0.0382359758185991,0.030591433493465,0.022946891168331
"143",244,0.397059180567985,0.491967417588801,0.261954088002109,0.0395918991397894,0.040007544199374,0.0391532979149012,0.0644888116621911,0.0644888116621911,0.0644888116621911,0.0387352579145685,0.0310907155894345,0.0234461732643005,-0.137045955277494,-0.137045955277494,-0.137045955277494,0.0384074822212937,0.0307629398961597,0.0231183975710256
"143",244,0.397059180567985,0.491967417588801,0.261954088002109,0.0395918991397894,0.040007544199374,0.0391532979149012,-0.394344488380537,-0.394344488380537,-0.394344488380537,0.0392131249045776,0.0315685825794436,0.0239240402543095,-0.0368308945915528,-0.0368308945915528,-0.0368308945915528,0.0382359758185991,0.030591433493465,0.022946891168331
"143",244,0.397059180567985,0.491967417588801,0.261954088002109,0.0395918991397894,0.040007544199374,0.0391532979149012,-0.394344488380537,-0.394344488380537,-0.394344488380537,0.0392131249045776,0.0315685825794436,0.0239240402543095,-0.137045955277494,-0.137045955277494,-0.137045955277494,0.0384074822212937,0.0307629398961597,0.0231183975710256
"143",244,0.613708808305996,-0.241892092229917,0.159989704883365,0.0406706307088487,0.0391035040235827,0.0389413607791753,0.0644888116621911,0.0644888116621911,0.0644888116621911,0.0387352579145685,0.0310907155894345,0.0234461732643005,-0.0368308945915528,-0.0368308945915528,-0.0368308945915528,0.0382359758185991,0.030591433493465,0.022946891168331
"143",244,0.613708808305996,-0.241892092229917,0.159989704883365,0.0406706307088487,0.0391035040235827,0.0389413607791753,0.0644888116621911,0.0644888116621911,0.0644888116621911,0.0387352579145685,0.0310907155894345,0.0234461732643005,-0.137045955277494,-0.137045955277494,-0.137045955277494,0.0384074822212937,0.0307629398961597,0.0231183975710256
"143",244,0.613708808305996,-0.241892092229917,0.159989704883365,0.0406706307088487,0.0391035040235827,0.0389413607791753,-0.394344488380537,-0.394344488380537,-0.394344488380537,0.0392131249045776,0.0315685825794436,0.0239240402543095,-0.0368308945915528,-0.0368308945915528,-0.0368308945915528,0.0382359758185991,0.030591433493465,0.022946891168331
"143",244,0.613708808305996,-0.241892092229917,0.159989704883365,0.0406706307088487,0.0391035040235827,0.0389413607791753,-0.394344488380537,-0.394344488380537,-0.394344488380537,0.0392131249045776,0.0315685825794436,0.0239240402543095,-0.137045955277494,-0.137045955277494,-0.137045955277494,0.0384074822212937,0.0307629398961597,0.0231183975710256
"143",245,0.150714476382415,0.568268122113713,0.386575620634133,0.0389271644625377,0.0404060502025348,0.0395514297683379,0.151688352314062,0.151688352314062,0.151688352314062,0.0385250332591869,0.0308804909340528,0.0232359486089188,0.0808581426142743,0.0808581426142743,0.0808581426142743,0.038362645691738,0.030718103366604,0.02307356104147
"143",245,0.150714476382415,0.568268122113713,0.386575620634133,0.0389271644625377,0.0404060502025348,0.0395514297683379,0.151688352314062,0.151688352314062,0.151688352314062,0.0385250332591869,0.0308804909340528,0.0232359486089188,-0.0438855396222256,-0.0438855396222256,-0.0438855396222256,0.03845465056499,0.0308101082398559,0.0231655659147219
"143",245,0.150714476382415,0.568268122113713,0.386575620634133,0.0389271644625377,0.0404060502025348,0.0395514297683379,-0.3007422693941,-0.3007422693941,-0.3007422693941,0.0390225436207281,0.0313780012955941,0.02373345897046,0.0808581426142743,0.0808581426142743,0.0808581426142743,0.038362645691738,0.030718103366604,0.02307356104147
"143",245,0.150714476382415,0.568268122113713,0.386575620634133,0.0389271644625377,0.0404060502025348,0.0395514297683379,-0.3007422693941,-0.3007422693941,-0.3007422693941,0.0390225436207281,0.0313780012955941,0.02373345897046,-0.0438855396222256,-0.0438855396222256,-0.0438855396222256,0.03845465056499,0.0308101082398559,0.0231655659147219
"143",245,0.397379893008427,-0.233808639470233,0.251572841546664,0.0395931542456715,0.039084561637413,0.0391270365867379,0.151688352314062,0.151688352314062,0.151688352314062,0.0385250332591869,0.0308804909340528,0.0232359486089188,0.0808581426142743,0.0808581426142743,0.0808581426142743,0.038362645691738,0.030718103366604,0.02307356104147
"143",245,0.397379893008427,-0.233808639470233,0.251572841546664,0.0395931542456715,0.039084561637413,0.0391270365867379,0.151688352314062,0.151688352314062,0.151688352314062,0.0385250332591869,0.0308804909340528,0.0232359486089188,-0.0438855396222256,-0.0438855396222256,-0.0438855396222256,0.03845465056499,0.0308101082398559,0.0231655659147219
"143",245,0.397379893008427,-0.233808639470233,0.251572841546664,0.0395931542456715,0.039084561637413,0.0391270365867379,-0.3007422693941,-0.3007422693941,-0.3007422693941,0.0390225436207281,0.0313780012955941,0.02373345897046,0.0808581426142743,0.0808581426142743,0.0808581426142743,0.038362645691738,0.030718103366604,0.02307356104147
"143",245,0.397379893008427,-0.233808639470233,0.251572841546664,0.0395931542456715,0.039084561637413,0.0391270365867379,-0.3007422693941,-0.3007422693941,-0.3007422693941,0.0390225436207281,0.0313780012955941,0.02373345897046,-0.0438855396222256,-0.0438855396222256,-0.0438855396222256,0.03845465056499,0.0308101082398559,0.0231655659147219
"145",257,-0.258071751185476,0.0553304192964402,NA,0.063442628082629,0.0629302121676256,NA,0.0171756190142253,0.0171756190142253,0.0171756190142253,0.0613047834597028,0.0490448338100494,0.036784884160396,NA,NA,NA,NA,NA,NA
"146",259,0.215688642445818,0.242075480157658,0.54699802835313,0.0223710226535797,0.0224047627307122,0.0230768473813509,-0.00858330589024159,-0.00858330589024159,-0.00858330589024159,0.0230275626393011,0.0186178967282986,0.0142082308172961,0.0852712229543631,0.0852712229543631,0.0852712229543631,0.0270604773931,0.0226508114820976,0.0182411455710951
"146",260,0.234618318588243,0.0584774423213043,0.357180238001788,0.0187504049675374,0.0186381742193706,0.0189080831566718,-0.071123928138233,-0.071123928138233,-0.071123928138233,0.0190817994500764,0.0153881320893842,0.0116944647286921,0.0203492443396932,0.0203492443396932,0.0203492443396932,0.0217623942495037,0.0180687268888115,0.0143750595281194
"146",261,0.323505081133623,0.353855392024111,0.822147971407548,0.0232403006633169,0.0232997171400373,0.0248913750834622,-0.0146791234345964,-0.0146791234345964,-0.0146791234345964,0.0237242538965262,0.0191773632636595,0.0146304726307928,0.121977266365038,0.121977266365038,0.121977266365038,0.028229327845965,0.0236824372130983,0.0191355465802316
"147",264,-0.0509521098889823,0.0825189971118527,0.0325206940919405,0.0318721914585225,0.0156677286977474,0.0169857952081064,0.0149800123131239,0.0149800123131239,0.0149800123131239,0.0155612736213456,0.0124491375388654,0.00933700145638519,0.00971172447367334,0.00971172447367334,0.00971172447367334,0.016873709537073,0.0134990826093918,0.0101244556817105
"147",265,-0.178648311707721,0.349479308303056,0.40426011436257,0.0319904136430946,0.0158947491742191,0.0173327367562265,0.0652318811227218,0.0652318811227218,0.0652318811227218,0.0155719511153025,0.0124598150328223,0.00934767895034205,0.0740539845278026,0.0740539845278026,0.0740539845278026,0.0168978605355349,0.0135232336078536,0.0101486066801724
"148",267,0.171697864781596,0.217675761280602,0.425686553701211,0.0152389228249641,0.0152730880545033,0.0155284817662455,0.00327259327334199,0.00327259327334199,0.00327259327334199,0.0150966237590164,0.0120777106632694,0.00905879756752253,0.0297361823940398,0.0297361823940398,0.0297361823940398,0.0151036289694859,0.012084715873739,0.00906580277799205
"148",268,-0.0708254091943406,0.225299334203993,0.21158759643219,0.0153748121485339,0.0154631201628296,0.0154515555314999,0.0249085117459826,0.0249085117459826,0.0249085117459826,0.015280048946197,0.0122250999906308,0.0091701510350645,0.0253661549206218,0.0253661549206218,0.0253661549206218,0.0152805137389023,0.012225564783336,0.00917061582776976
"148",269,-0.0896423690375565,0.0265974271181517,0.137084260452086,0.0143047309279181,0.014291597717887,0.0143240075231457,0.0134286913345307,0.0134286913345307,0.0134286913345307,0.0142155797076341,0.0113731973263292,0.00853081494502434,0.0256301918147924,0.0256301918147924,0.0256301918147924,0.0142190265438511,0.0113766441625462,0.00853426178124135
"149",270,0.179634821989458,2.04773101507278,NA,0.11927246018838,0.184287048326189,NA,0.734481867313101,0.734481867313101,0.734481867313101,0.125338091997723,0.102822706986363,0.0803073219750025,NA,NA,NA,NA,NA,NA
"149",271,-0.494818169501953,0.485643891983477,NA,0.1225939656821,0.122453418321968,NA,0.50094891444145,0.50094891444145,0.50094891444145,0.123565458728764,0.101050073717404,0.0785346887060438,NA,NA,NA,NA,NA,NA
"149",272,-0.439524685287336,1.13515405123127,NA,0.121786730183782,0.138902242231436,NA,1.2040109270841,1.2040109270841,1.2040109270841,0.154527557806836,0.132012172795476,0.109496787784115,NA,NA,NA,NA,NA,NA
"149",273,-0.232789379692751,0.812910599836253,NA,0.119614994970045,0.129093631657988,NA,0.718510951393228,0.718510951393228,0.718510951393228,0.136208738185397,0.113693353174037,0.0911779681626763,NA,NA,NA,NA,NA,NA
"149",274,-0.37788729785007,0.737986337814424,NA,0.120999493635337,0.127278009649779,NA,1.05686731707191,1.05686731707191,1.05686731707191,0.156189453342364,0.133674068331003,0.111158683319643,NA,NA,NA,NA,NA,NA
"149",275,-0.240061072169372,-0.168002591383698,NA,0.119668720330566,0.119209275835887,NA,0.0552578535868428,0.0552578535868428,0.0552578535868428,0.115190364603384,0.0926749795920234,0.0701595945806631,NA,NA,NA,NA,NA,NA
"149",276,-0.645119766010434,-0.0255328438937127,NA,0.125271067113789,0.1187784485766,NA,0.290128340526707,0.290128340526707,0.290128340526707,0.114141155548238,0.0916257705368773,0.069110385525517,NA,NA,NA,NA,NA,NA
"149",277,-0.216414556983484,0.0864529289900512,NA,0.119500063175929,0.118885045183064,NA,0.262959663930455,0.262959663930455,0.262959663930455,0.130492378663906,0.107976993652546,0.0854616086411857,NA,NA,NA,NA,NA,NA
"149",278,0.179634821989458,1.16022692256049,NA,0.11927246018838,0.139801488978426,NA,0.476239384285207,0.476239384285207,0.476239384285207,0.122070909881875,0.0995555248705147,0.0770401398591544,NA,NA,NA,NA,NA,NA
"149",279,-0.494818169501953,0.449399838366223,NA,0.1225939656821,0.121923890586074,NA,0.464969158155601,0.464969158155601,0.464969158155601,0.119747179661093,0.0972317946497322,0.0747164096383719,NA,NA,NA,NA,NA,NA
"149",280,-0.439524685287336,0.414411107629723,NA,0.121786730183782,0.12145164607675,NA,0.802673951389403,0.802673951389403,0.802673951389403,0.145879055865202,0.123363670853842,0.100848285842481,NA,NA,NA,NA,NA,NA
"149",281,-0.232789379692751,0.560891992950328,NA,0.119614994970045,0.123683884539702,NA,0.45850504291241,0.45850504291241,0.45850504291241,0.11672346568948,0.09420808067812,0.0716926956667597,NA,NA,NA,NA,NA,NA
"149",282,-0.37788729785007,0.583189352060439,NA,0.120999493635337,0.124082478174091,NA,1.10625364029957,1.10625364029957,1.10625364029957,0.139168219828327,0.116652834816967,0.0941374498056065,NA,NA,NA,NA,NA,NA
"149",283,-0.240061072169372,0.416126611318794,NA,0.119668720330566,0.121473908428637,NA,0.709142454364482,0.709142454364482,0.709142454364482,0.149072309556689,0.126556924545329,0.104041539533969,NA,NA,NA,NA,NA,NA
"149",284,-0.645119766010434,0.359142292655121,NA,0.125271067113789,0.120783624518105,NA,0.438514591025099,0.438514591025099,0.438514591025099,0.115821879442269,0.0933064944309092,0.0707911094195489,NA,NA,NA,NA,NA,NA
"149",285,-0.216414556983484,0.134191220926674,NA,0.119500063175929,0.119049626039983,NA,0.311399602022908,0.311399602022908,0.311399602022908,0.130703377574581,0.108187992563221,0.0856726075518607,NA,NA,NA,NA,NA,NA
"150",303,NA,-0.0856175806292323,NA,NA,0.0763704988093473,NA,NA,NA,NA,NA,NA,NA,NA,NA,NA,NA,NA,NA
"150",304,NA,0.0394511304655902,NA,NA,0.0763138911778003,NA,NA,NA,NA,NA,NA,NA,NA,NA,NA,NA,NA,NA
"151",305,-0.0827265267807401,-0.916356886978268,NA,0.201698405706388,0.224833579764146,NA,-0.817542641820145,-0.817542641820145,-0.817542641820145,0.405937836671515,0.369721245176826,0.333504653682137,NA,NA,NA,NA,NA,NA
"151",306,-0.186752341752344,-1.05158844188069,NA,0.202477093454076,0.232226032730384,NA,-1.38877435950217,-1.38877435950217,-1.38877435950217,0.716831352365295,0.680614760870606,0.644398169375917,NA,NA,NA,NA,NA,NA
"151",307,-0.308726345988959,-0.46400063374026,NA,0.204155857886235,0.207488764314115,NA,-0.158137810279079,-0.158137810279079,-0.158137810279079,0.194821682575592,0.158605091080903,0.122388499586214,NA,NA,NA,NA,NA,NA
"151",308,0.632563985189596,0.246883443087693,NA,0.212623225626547,0.203201398935211,NA,-0.0291673175417018,-0.0291673175417018,-0.0291673175417018,0.18112277408821,0.144906182593521,0.108689591098832,NA,NA,NA,NA,NA,NA
"152",313,-0.372695499571157,0.260974329233179,NA,0.0524797772801918,0.0520140250770215,NA,0.0628101723724102,0.0628101723724102,0.0628101723724102,0.0506617178103173,0.0405611432561832,0.0304605687020491,NA,NA,NA,NA,NA,NA
"153",315,-0.106349945787038,0.778920226227921,NA,0.0841208438180582,0.090592652599124,NA,0.103540797393613,0.103540797393613,0.103540797393613,0.0817675820371856,0.0655572346535462,0.0493468872699067,NA,NA,NA,NA,NA,NA
